Input,0,0,1.745329252,0,0,0,0,0,0,0,0,Control,0,1.1818,0.098410258,0.9882071
Input,0,0,1.795329252,361.7761119,59.04615486,44.91333244,11.80923097,10.25748116,18.79985216,102.5748116,187.9985216,Control,1,0,0.065606839,0.715829495
Input,-9.748982081,2.22651036,1.795329252,362.7761119,59.30908861,40.53473971,10.65795116,9.257481157,16.96705794,102.3464277,187.579941,Control,1,0,0.065606839,0.377537776
Input,0,0,1.786775538,364.393787,59.63167091,42.11354962,10.71591979,9.239769223,16.73972506,102.1506127,185.0666538,Control,1,0,0,0.164339005
Input,9.767670137,-2.143039918,1.7700914,366.6599487,60.02664722,50.51999864,12.00556879,10.20383971,18.08268044,102.0108161,180.7779268,Control,1,0,0,0.157258282
Input,19.59432557,-3.957588338,1.74687744,369.4520621,60.500274,50.39175905,14.58625796,12.14915484,20.90012862,101.9640065,175.4081562,Control,1,0,0,0.149731892
Input,29.48694447,-5.246427473,1.717015645,361.7756606,61.16223429,49.61741347,18.57744602,15.07081667,24.99426846,102.0005031,169.1632254,Control,1,0,0,0.144133292
Input,39.43498934,-5.807605407,1.681144695,339.4442881,62.13486167,48.80402102,24.15022207,18.9688673,30.16867163,102.1138928,162.4050847,Control,1,0,0,0.138009683
Input,49.39916036,-5.473350704,1.640055118,316.3926806,63.57807317,48.07510663,31.54178372,23.85059094,36.2440711,102.2853723,155.43591,Control,1,0,0,0.131202063
Input,59.31189345,-4.114450846,1.594634618,293.4868369,65.69632465,47.56191799,41.06966342,29.73304784,43.07593063,102.4807119,148.4695434,Control,1,0,0,0.123572915
Input,69.08131557,-1.647092521,1.54591842,271.3022351,68.74191479,47.39836242,53.14494981,36.64407079,50.56434722,102.6480678,141.6418108,Control,1,0,0,0.11485689
Input,78.59912515,1.955785177,1.495168128,250.1803133,73.01249866,47.71566685,62.72713751,44.62018875,58.65781409,102.7143297,135.0285201,Control,1,0,0,0.104615597
Input,88.47342146,6.43703634,1.442291842,229.9088808,78.96862961,48.6238985,60.8958286,53.78344946,67.35757149,102.6231859,128.5237123,Control,1,0,0,0.092290682
Input,98.13486048,11.96338729,1.388726795,210.5847494,87.09990379,50.24989292,60.01484342,64.214875,76.69360957,102.2711148,122.1452342,Control,1,0,0.011945287,0.077247085
Input,107.4365971,18.4429142,1.336817103,192.270259,97.85066188,52.69959185,60.18395277,75.96712105,86.75592096,101.5021726,115.9174435,Control,0.953705773,0,0.011945287,0.060346213
Input,116.358994,25.63474038,1.308746348,177.0943097,107.7009132,55.72963945,62.14517127,88.55625909,98.75075349,99.57222032,111.0348595,Control,0.823682668,0,0.222821969,0.034226247
Input,116.358994,25.63474038,1.308746348,177.0943097,107.7009132,55.72963945,62.14517127,88.55625909,98.75075349,99.57222032,111.0348595,Control,0.729550304,0,0.210876683,0.059142176
Input,124.4481597,31.34436318,1.275792194,160.9879441,264.6405048,59.53330075,64.5714327,102.4014957,111.0674397,97.23912034,105.4681873,Control,0.658130369,0,0.210876683,0.064101633
Input,130.7343407,36.98419188,1.601674309,196.3702695,83.25544137,60.68886695,88.56252008,111.1042435,122.6187608,89.3826702,126.3752307,Control,0.602161719,0,0,0.080616973
Input,140.1280706,14.93745586,1.682074157,199.9837585,79.55606749,62.54049538,99.57170149,125.8424229,112.4423718,88.39302718,117.1310034,Control,0.557255582,0,0.187824617,0.035640235
Input,146.6764018,-0.744191615,1.692248387,185.8839608,78.82413842,62.53994806,100.7404996,140.7686646,111.635929,88.57318758,107.4935391,Control,0.520576359,0,0.187824617,0.03446159
Input,152.0073815,-9.168271377,1.671111089,164.3528454,221.8134477,61.47147266,96.66319328,155.7152956,114.7229235,89.28643373,97.57110402,Control,0.490196996,0,0.187824617,0.033738516
Input,156.7590722,-12.23690209,1.964409456,215.2325663,64.8527048,64.90183128,156.9739533,184.7351934,97.44474548,91.88801077,96.55101842,Control,0.464754861,0,0.224686738,0.033738516
Input,156.1176352,-32.90430343,2.112946271,193.5580968,236.1667525,66.13148228,191.8686072,180.9215396,96.18324737,80.28931078,95.68923289,Control,0.443255109,0,0.224686738,0.085957744
Input,152.6577108,-53.6243804,2.576597278,184.5938296,52.55726618,95.7877049,206.4807885,116.8780072,83.23213643,75.7241319,150.1214427,Control,0.424952036,0,0.224686738,0.104820492
Input,131.7452177,-86.70834979,2.740863372,179.8802313,45.97475216,109.2441445,231.583952,116.6243137,74.85516803,78.07109738,168.672316,Control,0.409274258,0,0.524741437,0.104820492
Input,110.7351515,-112.3443468,2.772228237,164.971895,63.67649486,86.92140635,246.784939,127.1980076,75.15696669,80.46033913,150.6846926,Control,0.37151667,0,0.543793945,0.034655014
Input,96.0424654,-129.9861852,2.786289875,148.2020442,444.5013973,52.8409043,258.9189843,140.3863742,78.31339306,84.8311324,133.7746014,Control,0.38617126,0,0.573345938,0.012786521
Input,85.31376935,-140.5728726,3.329315079,217.4260825,53.06936923,248.2305257,176.2245742,92.90121296,82.21855261,130.0412628,117.7216347,Control,0.375768622,0,0.061831429,0.055750159
Input,48.80761494,-152.2127309,3.73199856,357.0162591,49.69203597,289.0193516,145.3513616,88.68942114,110.3046082,100.4181035,127.9477842,Control,0.158645617,0.032272254,0.042778921,0.246263275
Input,4.345073262,-152.3270413,4.05118781,144.4952904,49.56662679,223.1588384,120.1089203,100.6436999,106.9040057,91.6810019,164.7124741,Control,0,0.469656002,0.028086727,0.233476754
Input,-36.54133142,-139.9375226,4.222523444,86.56152791,47.59404215,215.4622168,123.1155203,119.2574196,90.77431045,89.90156826,183.2983966,Control,0.443945973,0,0.014859799,0.22825784
Input,-63.15698996,-119.3713416,4.106609659,163.3652689,39.85621825,245.7977584,146.3201624,128.6051792,92.88595775,83.5135297,155.1612374,Control,0.425542083,0,0.014859799,0.074983679
Input,-91.07749088,-112.6809854,4.053409869,227.8057357,38.84753202,49.16995448,168.9769129,141.8666999,95.59757366,82.14167687,142.1478445,Control,0.409781039,0,0,0.10684993
Input,-107.4526099,-111.5219828,3.951562624,233.8393437,42.80371599,31.01065746,202.8998323,155.4547636,104.2139476,81.83493573,127.6549675,Control,0.396213061,0,0.020425294,0.092143703
Input,-114.7708978,-115.5936459,3.815960249,252.8571891,49.74263414,31.25190893,71.16175282,171.4140704,120.0192769,82.69973468,114.0434633,Control,0.384481584,0,0.051360938,0.066589648
Input,-114.5424743,-123.7334768,3.665207477,292.8531772,63.41698796,32.82781981,36.61517201,191.9808283,145.8791204,84.77794715,101.7667291,Control,0.358196783,0,0.080711822,0.040360858
Input,-108.069794,-134.1632038,3.539004186,323.1930993,86.69665473,36.2487303,36.39052033,216.8940004,178.9297513,87.04021239,93.81714194,Control,0.174717443,0.016374124,0.128981457,0.017322361
Input,-97.9749502,-144.6324478,3.461784621,126.8841835,117.089069,41.23580847,38.82702428,242.3045352,205.915546,87.4985691,85.95986047,Control,0.063666806,0.133765947,0.107071013,0.005637461
Input,-85.85268874,-148.9787489,3.437246128,110.8786736,132.8579733,46.82099614,43.19131489,87.83434268,210.3172513,85.09581221,77.04233316,Control,0.405182151,0,0.090579795,0
Input,-74.11652941,-149.2196998,3.544891653,269.3451898,118.365298,50.25189095,50.69512855,269.4423089,158.2184582,77.68672148,68.11747041,Control,0.392241964,0,0.041484076,0
Input,-72.74110328,-154.0471745,3.62820774,219.3052404,107.3094536,54.80525593,59.25545554,279.8485036,129.1724816,68.79295672,58.92642372,Control,0.381039062,0,0.056578223,0
Input,-76.40653384,-155.7733912,3.702002522,178.5673217,97.36850441,59.48852164,68.46122843,292.5776208,109.2263255,54.50454213,49.71113489,Control,0.371305656,0,0.09008811,0
Input,-82.62265849,-155.4254134,3.779013429,145.6034959,87.60969185,63.83477832,78.56461499,306.8708898,93.79785086,41.92363113,40.77301658,Control,0.130936397,0.056558758,0.0704889,0.332292273
Input,-89.14951931,-151.5136319,3.866564934,117.2305206,77.87941762,67.6704611,90.24094846,322.8977708,67.72914232,31.01930522,37.4689891,Control,0,0.301181413,0.069212938,0.332292273
Input,-93.97691463,-142.033499,4.024359785,88.46560157,68.66482813,71.28270888,111.7217099,314.2808613,37.66287501,21.75991014,213.436691,Control,0.28319684,0,0.038911009,0.332292273
Input,-99.93000652,-125.832835,3.618526479,127.1008763,61.23691512,65.67554275,81.91820385,367.1889245,77.3219231,24.3733108,71.32315492,Control,0.425873414,0,0.046465111,0
Input,-89.67899883,-131.5723681,3.394514801,156.7350629,57.31360108,51.00127735,78.22777578,149.1899595,165.8927544,31.62753047,60.3175783,Control,0.410065574,0,0.023972808,0
Input,-71.09743927,-143.2580905,3.265365845,151.1342577,53.57315411,42.59480053,68.79713796,131.5780368,246.8669391,38.02192771,61.41124676,Control,0.373507294,0,0.007905184,0.005322272
Input,-52.35676706,-151.8332494,3.182656167,142.0017229,50.34848842,37.0645131,54.66305678,129.7089657,360.5476594,43.00298281,63.42116203,Control,0.231584414,0,0.000351082,0.052382452
Input,-35.8817799,-156.9423464,3.120734131,130.8554049,48.31675357,33.45236712,46.34202487,133.6229619,67.25597367,46.56503916,64.50719004,Control,0.095063175,0.113065346,0,0.124071244
Input,-21.75145554,-159.04091,3.067098779,118.937031,47.92187063,31.35690944,41.26563092,140.0733357,74.67987029,48.86557847,64.3070048,Control,0.038774031,0.18554399,0.012701955,0.171226738
Input,-9.562095564,-157.3762912,2.965053559,114.2114669,53.0023482,30.79232779,36.95440074,142.1377011,86.87443853,50.4707108,60.57076572,Control,0.120251969,0.134405812,0.012701955,0.133089828
Input,4.425699,-153.6624711,2.815760171,121.4290444,60.11305289,32.46443488,34.31684098,96.0841541,111.0195193,51.97856933,62.37458768,Control,0.320893558,0,0.012701955,0.07132218
Input,22.81242855,-149.4495221,2.678106282,138.1843515,53.01489923,36.93412427,34.82650539,73.89803405,313.0498302,52.5013858,63.2481649,Control,0.466038482,0,0,0.031740375
Input,43.10418382,-145.2969965,2.587408829,154.3575941,46.69506084,42.00324287,38.36901027,70.97008032,291.2629456,50.15937575,65.84919088,Control,0.444343987,0,0,0.038219738
Input,60.8240405,-141.8514845,2.521924112,172.5273514,41.15812703,35.00872091,44.0337091,74.78126817,288.5989794,44.92191676,67.964709,Control,0.425881958,0,0,0.046572625
Input,75.38849964,-139.338454,2.465058988,165.1065033,36.54438737,29.57021153,48.87195655,81.40826516,291.9558425,46.60811883,68.82668757,Control,0.410072911,0,0,0.053130558
Input,87.27126869,-136.8229012,2.405827238,149.0084496,33.00907526,25.30859861,39.08680871,88.94572455,295.9639706,49.0154822,68.16386593,Control,0.306483508,0,0,0.07271015
Input,96.57744485,-132.551032,2.33951979,133.1854591,30.73833251,22.12209054,31.85221132,96.48610805,298.8868121,50.64417137,66.10606969,Control,0.164170925,0.048104468,0,0.126540601
Input,104.1851852,-126.096509,2.266079094,117.8879983,30.01266035,20.04000088,26.84544753,103.8878208,300.9911245,51.56322347,62.97302813,Control,0.050382133,0.16809417,0.024271472,0.194235108
Input,109.4808973,-116.473399,2.131620065,105.0140608,33.81929913,19.31213498,22.90407383,100.359764,291.7987461,52.57465968,57.20876,Control,0.00033059,0.238952336,0.040316044,0.243225327
Input,115.1357549,-101.7175869,1.905592132,98.44101444,53.70575934,21.19262252,20.78508071,47.95333266,234.7472638,55.67675237,50.19012895,Control,0.019818466,0.250281205,0.092174734,0.171120846
Input,122.9507991,-78.39397938,1.648055206,100.5190887,71.11234325,28.20357313,22.18044009,35.33195568,176.0848109,61.99710602,44.30725765,Control,0.159679872,0.154689011,0.067903261,0.234439616
Input,129.7898764,-46.91339732,1.400220225,115.3328801,60.95907236,45.43056091,27.7247204,34.48572633,156.0926355,72.19199351,38.70968552,Control,0.051733181,0.263667451,0.051858689,0.161296277
Input,133.9026594,-11.26948039,1.206732059,146.6434513,54.77017017,52.62711686,37.81640281,39.84916293,110.5508091,81.44385736,46.58738424,Control,0.599849186,0,0,0.167489978
Input,135.6430976,21.68928378,1.103632036,177.118945,49.49654048,43.61851448,51.35455058,49.67982797,111.1841951,66.88194127,54.72635752,Control,0.555380703,0,0,0.025519914
Input,136.4683574,45.16392023,1.037509602,211.5366146,45.02235671,37.47557288,64.4091028,61.75342324,123.8219381,32.11786903,61.18137297,Control,0.519032588,0,0,0.025606498
Input,136.6843676,61.47452362,0.996343613,389.011338,41.08064586,32.96948901,53.9018103,75.31181885,142.097083,37.24631895,67.02675941,Control,0.488910208,0,0,0.031100742
Input,136.949528,73.14699494,0.957964264,369.2954653,37.99665246,29.44936156,46.07495058,89.66175074,160.5165466,41.54933095,71.16338428,Control,0.463671655,0,0,0.033486024
Input,136.986455,82.41084682,0.912826265,333.8817226,35.92499394,26.69071857,39.76230871,104.4848398,56.60932849,45.15742847,73.24679859,Control,0.442335898,0,0,0.031124832
Input,136.3595794,90.74025074,0.857472634,298.1560672,35.05629786,24.67210286,34.72848698,119.7351404,63.49857925,48.14205495,73.38123818,Control,0.42416677,0,0,0.02418544
Input,134.6897468,98.97940306,0.791730425,263.5877203,35.72591682,23.47964053,31.01679392,135.5951133,71.02907357,50.54318254,71.93436754,Control,0.408599665,0,0.00040935,0.01330305
Input,131.7035799,107.5106809,0.717448371,231.5234535,38.5002833,23.2561971,28.70565088,152.4136801,79.47636642,52.37372832,69.34817691,Control,0.395193477,0,0.019355029,0.004748553
Input,127.2534041,116.3885754,0.63800014,202.6803341,44.28268641,24.1732562,27.83883711,106.0221384,89.02283435,53.60235862,66.00508723,Control,0.383598097,0,0.031093773,0
Input,121.3456211,125.442637,0.558270742,177.1650546,54.40557289,26.40565182,28.42785991,84.19797337,99.54578663,54.12140818,62.17064129,Control,0.373531832,0,0.322197234,0
Input,114.1849394,134.3613489,0.503117928,156.1841736,67.62496199,29.87094032,30.71565604,79.58769901,106.4061593,53.4189061,58.56146758,Control,0.28008738,0,0.304494075,0.02807647
Input,106.6041005,141.4537524,0.480277516,138.3353266,260.1612012,34.23457105,34.54244387,85.24356947,105.7095588,51.20564406,55.07083531,Control,0.364076894,0,0.292755331,0.080631119
Input,99.30098755,145.232155,0.892922903,172.4688635,49.87240227,36.34995856,53.03819432,242.0268413,58.53407601,45.8575051,72.699574,Control,0.356507955,0,0.00124252,0.092007698
Input,112.1641193,136.5953927,1.138351827,208.7132142,45.13012694,40.95642258,80.83050557,126.8984932,48.31257921,46.74678364,100.7104595,Control,0.349881539,0,0,0.076445645
Input,128.0702145,120.1103835,1.235199288,197.9917701,63.26966593,43.15709847,100.2769674,102.1834083,47.05285887,49.33515168,91.60258728,Control,0.344068549,0,0,0.037948019
Input,141.3621305,104.2243871,1.321439071,187.1881318,74.26775373,43.399901,121.4271524,92.12974143,48.55576588,54.73065683,83.82648286,Control,0.338960159,0,0,0.038085301
Input,152.3303212,88.99345105,1.394442302,175.4076079,413.9788726,47.5683678,142.7377398,90.07875357,52.34445756,62.82966259,77.01754522,Control,0.334464068,0,0.366427401,0.025570884
Input,161.2395132,74.6713676,1.98258075,244.6152439,58.32102003,71.03437466,144.0463948,61.9258701,59.82966697,60.78327719,138.7886767,Control,0.330501568,0,0.366427401,0.082565897
Input,164.6985229,36.72833349,2.279516933,380.987319,58.14138316,150.4263122,102.4835349,66.89930955,52.18278054,68.53237776,148.7681079,Control,0.327005219,0,0.366427401,0.11984125
Input,160.0363335,-2.981978835,2.499323199,309.3049537,58.26816701,355.5917217,97.697172,65.34924706,52.86825171,87.35627425,170.0103452,Control,0.323916991,0,0,0.164907338
Input,149.3086583,-39.44234419,2.703480199,99.47146705,57.13933464,269.0684405,101.1276898,62.14083653,59.84460968,100.0424284,187.9857896,Control,0.321186763,0,0,0.12617506
Input,129.4207699,-63.04766377,2.98810321,69.71271456,58.77216383,178.0745841,105.9389477,63.32107912,77.55178234,110.7651961,203.0247204,Control,0.318771098,0,0,0.109289462
Input,98.65686749,-83.97289965,2.85432713,81.73855033,47.48282967,247.181897,123.146297,74.00656603,80.79209658,100.5585389,175.2526178,Control,0.316632244,0,0,0.090068727
Input,78.01163031,-102.2509073,2.999756173,63.72409793,43.65435696,218.0599247,132.1738032,82.02269926,90.96574068,112.5704494,182.7009339,Control,0.314737298,0,0.027523872,0.072286266
Input,53.76892156,-114.5029467,2.768037054,150.502748,39.40479655,47.54545403,153.3186539,99.51211025,101.1030808,102.9554526,153.62238,Control,0.313057521,0,0.055261282,0.048157931
Input,54.74464991,-127.8549061,2.565312302,232.0408702,35.238367,33.16839291,185.6383395,125.7428819,107.7829294,101.7327943,138.3160427,Control,0.130313241,0.013229152,0.143434684,0.022312578
Input,69.3363292,-130.4163834,2.371264033,252.930376,33.63493733,25.83850588,41.82794319,165.0821364,118.4899095,103.8472911,128.3836937,Control,0,0.181654686,0.124107174,0.00777528
Input,88.31884112,-124.9183516,2.175387549,297.3681117,59.77974504,21.45006316,28.34341941,187.9230251,133.1385956,108.1870433,121.5181106,Control,0.362975827,0,0.108702562,0
Input,108.0775362,-113.1205595,2.032339179,121.4357257,135.484351,27.50980781,22.97532602,211.495189,150.082282,112.6353513,114.691654,Control,0.355544889,0,0.041687879,0
Input,119.815853,-96.69710968,2.004761418,106.6320821,157.6877629,35.61832713,28.69731561,80.72631134,161.84177,111.990127,103.0460308,Control,0.349037372,0,0.062043697,0
Input,124.8905765,-82.8544878,1.90690398,89.25293306,155.1636339,48.3402573,35.5725524,61.9560375,177.890127,113.4302614,93.54240729,Control,0.23295507,0,0.0497109,0.300293451
Input,127.4401954,-66.86310981,1.661295964,71.80867887,173.2521105,79.57855424,44.57417133,52.18934724,217.3125351,127.4405703,93.10386303,Control,0.042469718,0.132514249,0.02855218,0.335324505
Input,128.8831465,-40.47516938,1.842238276,60.85467865,148.1737767,76.97637144,53.12399157,73.36759066,196.3345062,105.2336087,67.3243848,Control,0.142077734,0.057649761,0.019541814,0.335324505
Input,124.0303051,-36.63526728,2.255790534,198.1561175,126.0017142,67.55227121,67.37645901,268.9302441,135.0759975,73.06112018,46.45744222,Control,0.39313439,0,0.029963125,0.035031054
Input,113.3517269,-67.24755588,2.453647403,153.5719738,119.2079987,70.54368198,83.09386249,234.7512452,106.3983292,45.15978795,35.05462493,Control,0.381813053,0,0.029963125,0.000814836
Input,100.980093,-91.34314547,2.594689679,128.2086899,110.8236928,73.89685547,98.86964538,223.0221138,95.43741734,29.02371068,25.51242943,Control,0.371979147,0,0.010421311,0.159354473
Input,87.2437272,-107.3772007,2.732350208,107.6606968,100.3154653,76.67162051,117.9729509,219.3423917,43.73490568,17.51201437,221.5563159,Control,0.363410859,0,0,0.16644894
Input,70.46857276,-116.5145772,2.332872285,126.1815985,87.14258929,81.249837,86.39333698,308.3335702,124.8455293,17.80623858,199.0731972,Control,0.299863552,0,0.024770165,0.167860316
Input,87.11321909,-106.0146561,2.106911626,149.7991356,78.95805058,89.0048534,82.22422759,171.0631701,171.3644058,27.3148648,95.18327098,Control,0.220914853,0,0.071880928,0.00932068
Input,107.4655381,-89.42360271,2.022312061,154.8715072,71.52487281,75.10119814,86.17586421,144.6291467,197.6880729,36.03624314,190.0566551,Control,0.133474413,0.050392237,0.071880928,0.356230848
Input,121.6680415,-77.670948,1.771268529,170.8153572,71.73344202,61.03024381,92.62609553,119.6005124,288.0853672,41.01341968,72.7934955,Control,0,0.203911266,0.047110763,0.360715797
Input,136.8644433,-55.85982815,1.647531379,154.1615847,71.41682981,54.38201675,83.31342317,120.4913406,323.7189812,45.91312073,70.33904745,Control,0.415093384,0,0,0.402746885
Input,146.5310343,-36.77838413,1.582531633,139.0644073,70.65593614,50.54762953,72.33404434,128.7165072,69.13459874,49.45925673,194.3854929,Control,0.400793421,0,0.014722629,0.085471262
Input,151.4397875,-22.22212028,1.26497127,129.9402263,104.7288394,50.67323219,54.4661566,127.323679,222.23703,54.192664,58.24902017,Control,0.388447258,0,0.057101356,0.180838731
Input,150.5937483,6.278081278,1.158661619,118.798757,116.901017,53.42296652,52.56956617,122.2013855,213.4706164,55.71542937,267.3201603,Control,0,0.239499878,0.336970099,0.197940675
Input,145.406647,28.57352643,0.627829562,160.5592159,95.4938164,88.19886809,52.45694846,64.01436057,161.7842581,82.04588997,48.79741787,Control,0,0.556379459,0.707649696,0.161211663
Input,123.7278411,72.72819258,0.351496281,256.2129938,90.30653201,87.27409013,65.11387278,62.92738604,140.527849,251.0111849,45.09933699,Control,0,0.407299739,0.672810129,0.077483875
Input,96.74361728,106.6757604,0.129617325,226.8614748,91.17615135,72.87498446,88.00145629,70.33752429,114.3817236,222.1094785,38.17004113,Control,0.564099995,0,0.392941386,0.067388212
Input,68.18723821,130.3489924,-0.05439847,208.846513,98.02808115,65.54189532,87.90368874,82.90502798,111.1908305,212.8482978,32.98161644,Control,0.526203664,0,0.007539161,0.128813977
Input,40.18666289,145.7438207,-0.212050028,135.7650779,113.2390535,62.83365631,73.11873017,99.58738112,115.8885743,211.4947019,34.01271255,Control,0.494881996,0,0,0.133083405
Input,14.44006294,151.556529,-0.322003738,94.85235145,380.2844889,63.23220375,67.05373148,118.6085254,125.7767995,31.64413614,33.55659429,Control,0.46869486,0,0,0.110030614
Input,-6.644386305,147.1450954,0.120299463,168.9571354,77.0747369,61.08820996,98.27109612,128.1531325,37.30453207,29.56697848,47.56366877,Control,0.446595957,0,0,0.094081427
Input,3.939684599,154.976548,0.3925945,169.64748,65.21992278,65.21427251,154.4906779,154.4772937,32.19959589,32.1968063,77.71371235,Control,0.192056014,0.049725587,0,0.180183275
Input,26.88048759,156.311809,0.519300262,337.6463561,59.66462668,66.3060396,164.1325201,65.35782228,33.61853301,37.36069267,123.342851,Control,0.000793717,0.237755164,0.348582252,0.154198696
Input,47.91540765,154.6618701,0.502366067,327.2622004,54.95983396,60.2126846,181.0243603,77.31422804,38.76936158,42.47478881,121.339825,Control,0,0.405854562,0.518364486,0.108722117
Input,60.44536512,154.9148186,0.467479509,123.8890362,49.19381139,52.34485423,149.4884233,96.02256692,45.5541927,48.47210471,107.0315521,Control,0,0.482779356,0.525558182,0
Input,64.521701,151.7637861,0.389638381,102.0025978,162.8652926,43.53991487,104.4759217,221.058967,53.88895984,53.75249333,94.12959984,Control,0.6256532,0,0.185399717,0
Input,61.88340047,147.1595585,0.691989151,225.818632,61.57800849,44.27151272,220.1655767,87.62657837,56.15670733,72.61489496,76.00781658,Control,0.576214236,0,0.0394795,0
Input,79.69548867,140.9862416,0.858087164,179.9098397,71.08603903,39.94359889,233.9221139,84.43301661,64.05058105,76.74591751,63.71472304,Control,0.31038816,0.025105781,0.032285804,0.285302586
Input,98.23906803,131.0123641,0.949975173,155.2673768,85.57284714,31.95105379,249.7807375,90.61378691,74.71491769,58.4747265,52.53548722,Control,0.117761522,0.190372155,0.023862017,0.333952358
Input,112.7942413,120.6373134,1.039517663,133.4035803,92.14733753,41.26818893,267.0455288,98.57193427,87.80461806,43.85196758,42.46013539,Control,0.260801226,0.085473314,0.013228288,0.333952358
Input,123.1018458,108.6202525,1.121768385,114.0065703,95.68630724,48.99498269,285.3210902,108.0011706,71.61614415,32.19188329,206.5603602,Control,0.537051571,0,0.019016025,0.048649772
Input,128.3228626,94.37290897,0.772470357,128.7747577,89.88026508,66.5471207,54.98454114,157.7965364,110.1364489,28.9061781,192.7930611,Control,0.52793447,0,0.019016025,0.128521114
Input,122.1971433,102.0017766,0.517047613,157.0919524,80.53544012,89.33005209,62.31384073,332.4223162,126.8883517,25.70736561,84.28318375,Control,0.496321218,0,0.005787737,0.131418116
Input,107.3377038,118.8161541,0.387844694,172.1627234,72.57969002,72.28839378,73.57647619,85.20502145,144.337471,35.73489173,85.44376419,Control,0.403312914,0,0,0.1397991
Input,91.99798176,133.7815465,0.317315613,154.6755794,64.67638455,60.7524517,86.94299461,94.83792551,159.4295639,44.5022398,93.711847,Control,0.253394347,0.012797838,0,0.059553643
Input,78.77830854,144.1441199,0.264998857,137.8861925,57.4463478,51.64440215,100.2392839,106.493756,173.0691289,51.97257643,170.8165542,Control,0.125061646,0.132414113,0.016979818,0.380974273
Input,67.07443299,150.1619722,0.039175343,121.2320384,58.74526238,43.16731775,63.53821159,112.3883666,213.6384422,56.90946673,187.4539879,Control,0.03640536,0.230526118,0.018181596,0.372593289
Input,46.37668066,153.0259113,-0.247374987,112.7324298,75.12405484,39.70521476,44.82995464,124.2124795,418.0180117,63.43451099,71.62198385,Control,0.46694674,0,0.018181596,0.425129405
Input,16.15369031,150.7422374,-0.492249565,110.161226,91.17036465,41.84992089,38.52466976,78.03727086,155.5502349,71.62243347,65.93156064,Control,0.494802284,0,0.014907802,0.125937561
Input,-17.74806676,142.5210205,-0.707729238,112.8006318,76.0356054,50.8738194,38.77285607,59.46065288,158.0221941,80.73282092,61.52952703,Control,0.468627874,0,0.042858797,0.304142725
Input,-50.84311672,129.026646,-0.918738824,126.6614949,65.95831572,72.08077759,44.13202547,55.03050544,166.5954762,92.71190284,56.76359488,Control,0,0.481268134,0.52390757,0.224531302
Input,-81.930441,111.7544147,-1.054678822,140.6624115,58.15509886,58.10999489,53.87483618,59.71119772,179.5937422,97.39814789,49.8636372,Control,0,0.891360936,0.745780454,0.199405514
Input,-105.5521391,95.37257565,-1.143478879,152.6837196,51.42195687,47.72666554,66.72053946,68.66262832,178.2955152,90.51317873,62.49625647,Control,0,0.697853132,0.747938393,0.02120035
Input,-122.5909637,82.1136671,-1.241593585,182.2595637,46.55280956,39.7568764,70.96947246,78.9893293,169.6743671,78.11089002,68.35968383,Control,0.753178363,0,0.291284231,0.015220293
Input,-136.3521995,69.7512571,-1.32745542,197.449161,42.86731064,33.93555681,54.50867066,91.06579583,171.3179895,48.21464406,71.89388402,Control,0.676310957,0,0.068590763,0.047336582
Input,-146.8746879,58.09487954,-1.400308504,217.0897833,40.26279609,29.78443475,44.16023457,104.586606,178.6669271,43.53060318,74.36400707,Control,0.539451328,0,0.037280051,0.09609003
Input,-155.0627641,47.22469983,-1.469197781,250.2153624,39.06881608,26.99705057,37.32995125,119.1912309,187.6975387,47.86881649,75.38187977,Control,0.329192505,0.039180346,0.01288544,0.111051906
Input,-161.5553393,36.7628331,-1.541506307,381.9972643,39.80252431,25.46097659,32.87276193,134.7899465,196.3752508,51.32026734,74.7684129,Control,0.285402378,0.070117619,0,0.114294523
Input,-166.7317185,26.13945631,-1.619025514,371.1051683,43.15286542,25.19458917,30.34145733,144.5320651,204.4982632,53.97496277,72.81747137,Control,0.281333688,0.072913118,0,0.085175361
Input,-170.743246,14.974643,-1.700002426,362.3054246,50.18997138,26.29292362,29.53114712,101.4627577,212.640564,55.87541453,69.93333551,Control,0.344226975,0.018303285,0,0.071058771
Input,-173.615069,3.182323226,-1.779970865,355.2437681,62.4986441,28.8814466,30.33445512,83.35836476,102.2790632,56.96968496,66.45933733,Control,0.40914418,0,0,0.053816489
Input,-175.3630879,-9.012576744,-1.829779639,344.6673221,64.84564924,32.73515626,32.99000381,81.17051234,109.1214631,56.71814137,63.41170017,Control,0.486941064,0,0,0.054646151
Input,-176.4232379,-19.95672028,-1.876287121,333.9432889,68.45150417,37.98312449,36.8314476,82.85400341,114.4277877,55.39582433,59.55887542,Control,0.504717478,0,0,0.060511423
Input,-176.902896,-29.93558601,-1.914091024,255.8530605,73.55554205,40.88532258,41.7841127,88.0509556,116.485645,52.92557314,55.13879977,Control,0.476946917,0,0,0.065705873
Input,-176.9882025,-38.86308125,-1.938724903,213.3745389,79.38286605,42.67041304,47.78198745,96.78415837,113.333957,49.24698459,50.26824756,Control,0.453579663,0,0,0.068763147
Input,-176.9316628,-46.47280431,-1.946121394,199.0192055,84.74670308,45.08405034,51.1025122,109.6745413,103.6023801,44.39416429,45.03783111,Control,0.433756793,0,0,0.06977635
Input,-177.0254255,-52.39967452,-1.932243276,210.2647504,88.25174495,47.86475361,54.90037533,128.3849759,87.66872902,38.55504383,39.56666315,Control,0.416827071,0,0,0.066953964
Input,-177.5620712,-56.20117003,-1.893981571,242.2500035,88.9509217,50.75996686,60.17335574,156.4977975,68.27022636,32.10590235,35.36660636,Control,0.402286643,0,0,0.058984497
Input,-178.7614045,-57.39625336,-1.830382002,215.7668079,203.2009471,53.59901734,67.21555673,201.9260528,49.21962092,25.75476,35.15284233,Control,0.389738925,0,0.159415208,0.036040442
Input,-180.675857,-55.54164563,-1.485479635,177.5825755,66.74880129,57.6474401,104.7057773,224.7297359,27.37704475,25.53380502,53.02514001,Control,0.378867121,0,0.181457501,0.015551755
Input,-183.6303638,-38.66246633,-1.231093211,160.5612976,209.5094303,64.78065649,165.8467557,46.12595927,25.24639945,29.12337502,111.7344707,Control,0.369414921,0,0.20084206,0
Input,-183.166203,-14.93996467,-0.823085465,165.1906488,57.00649785,89.09691883,382.4557517,32.98153596,27.70489859,48.24946301,145.7740909,Control,0.361172635,0,0.063547494,0.015069973
Input,-173.8817986,18.96042916,-0.592128099,173.384693,55.49224013,118.522096,81.66720233,35.30242335,36.01292073,91.38304847,124.0881479,Control,0.188885731,0,0.120717566,0.037644788
Input,-159.1596541,51.44218104,-0.433400495,180.2132866,67.20250473,153.1060129,76.20675312,42.40513896,49.43677982,133.8397019,108.6135066,Control,0.024268816,0.161408021,0.223567416,0.059040517
Input,-141.911918,79.76031697,-0.300128052,172.6246778,75.82227389,204.560771,80.50138446,52.55127312,69.01800734,105.0709337,95.65053525,Control,0,0.310200381,0.396581179,0.043970544
Input,-123.3061191,103.6617792,-0.158390545,161.8389245,79.18663421,270.5857882,86.79896398,65.37651709,98.90264546,83.18719071,85.20444783,Control,0,0.409598216,0.489233727,0.021395729
Input,-102.9871535,123.2528206,0.038659251,156.1090716,77.19438187,452.6470479,91.82623087,82.3525639,112.3330869,66.06327486,79.96891782,Control,0,0.32037342,0.503650515,0
Input,-78.76458322,138.3162481,0.374905969,174.2154913,72.15912842,178.4045629,96.45438098,114.7023362,66.90895541,55.4093296,94.54172795,Control,0.567233346,0,0.330462861,0.032423135
Input,-45.19018991,148.1576217,0.658440282,222.9984399,72.07263772,142.7814529,110.7368041,107.7652159,49.90007757,52.4618317,115.0715537,Control,0.528775434,0,0.566708447,0.081312745
Input,-8.67970396,149.7603917,0.865691785,316.1161359,72.58971646,141.0646172,131.0158817,70.53914089,43.60603314,54.77928241,108.4800644,Control,0.497020209,0,0.430057251,0.334621189
Input,26.00558472,144.9149713,1.051662936,383.747063,72.07000627,144.8574054,157.0303937,57.23139375,42.9350586,64.66002616,106.1058946,Control,0,0.462745109,0.419942261,0.498620828
Input,57.50308404,134.7079541,1.219315329,486.9943825,69.7210088,151.6745174,190.040413,53.8779694,46.95836546,74.33568192,108.2699899,Control,0,0.547602694,0.441238805,0.449731218
Input,85.04720392,120.3500612,1.36936951,457.9760074,64.47245907,160.323487,139.6354211,56.19543025,55.5417256,67.36603592,116.3274056,Control,0,0.618261713,0.441238805,0.550980883
Input,108.3046163,103.0775276,1.506924601,126.1967969,55.11895242,170.0975979,121.7976134,62.35636304,68.0850442,63.9179955,134.4461301,Control,0,0.754434626,0.429407043,0.664669511
Input,121.9688257,83.51321255,1.613776713,98.99477093,39.26954879,179.7185342,120.5679613,71.28477566,61.50022323,63.08957871,182.2807199,Control,0,0.845763815,0,0.709161177
Input,129.4717136,61.91645471,1.456957037,415.4311459,40.15416137,177.610959,181.903647,86.10946237,65.14603547,58.64898395,114.1154841,Control,1,0,0,0.404128175
Input,145.0385875,50.14963306,1.366953819,406.6577879,44.69846816,33.40250535,257.1397202,103.4799543,69.85404032,58.21237723,100.2157511,Control,0.763893893,0,0,0.190845629
Input,155.461113,46.69971013,1.263234393,401.5344226,50.29510836,33.89271376,234.7250478,125.3325872,77.62571688,58.90068386,89.86494557,Control,0.381536235,0.131638657,0.378780968,0.146353962
Input,161.807504,49.43778447,1.156359953,311.4240342,58.37155083,34.87486887,42.69955874,152.380672,88.12387152,60.19789596,83.04839746,Control,0.108505378,0.333112803,0.733658537,0.096828855
Input,164.7667663,56.4326414,1.053423051,242.1338223,70.72554738,36.87941025,41.30899013,185.3571141,101.0616285,61.6191342,78.54458388,Control,0.31879801,0.202786234,0.733658537,0.023821468
Input,164.9205166,66.04562203,0.983089724,204.082908,86.14467693,39.91913779,42.15224435,219.2183011,111.6815238,62.36974898,76.59091364,Control,0.831879734,0,0.354877569,0.048292859
Input,163.4963488,76.02133655,0.951501469,181.842374,220.6358749,43.71758602,44.967283,247.8952856,115.525409,61.8030496,76.27951746,Control,0.735640903,0,0,0.072342883
Input,161.7968493,84.69855131,1.226954994,287.9882165,81.22447753,45.10639577,58.87780038,213.8288576,79.44055461,60.90092361,103.1118249,Control,0.662832883,0,0,0.071368979
Input,166.5755689,80.00309816,1.370823389,290.1377386,78.55768655,48.47744234,72.98811634,214.4336243,69.23673256,64.1909458,106.8802629,Control,0.605893261,0,0,0.067641483
Input,172.0728743,70.23924471,1.459770744,268.8035998,82.87624845,51.31442072,85.44654866,213.4302886,68.53240619,68.72422171,105.054995,Control,0.56027769,0,0,0.061357108
Input,176.9832858,58.96264028,1.509184184,249.924458,89.46292337,54.25208377,93.74954771,184.7436007,70.90129944,74.07416563,101.6437704,Control,0.523062682,0,0,0.052236539
Input,181.0289777,48.24151961,1.532017577,231.5214048,96.95389722,60.38698092,97.10624707,179.5332578,75.16609239,71.39159426,97.19208299,Control,0.492268054,0,0.056307551,0.031492644
Input,184.2823968,39.074673,1.544332161,212.9936879,104.0084556,65.69809674,97.1865515,182.8147297,80.67035995,67.45407407,92.93445915,Control,0.466497317,0,0.059978426,0.013726995
Input,186.8979141,31.52143607,1.55835078,194.2443588,109.4931722,70.25873575,96.00557296,187.308716,86.92206621,64.28328945,89.79272257,Control,0.444733104,0,0.081870826,0
Input,189.0160223,25.10658119,1.581530018,175.3378137,112.6558272,74.14673304,98.07209247,189.0299331,86.42993685,61.77121128,88.30556587,Control,0.426214194,0,0.035911978,0
Input,190.7363259,19.15622239,1.617161792,156.4221854,113.3154162,77.4437163,105.974252,186.9182566,80.97737038,59.916422,88.85749029,Control,0.410358194,0,0.04629348,0
Input,191.1102852,13.06701298,1.665016735,137.7540548,111.85991,80.23521736,115.1265669,187.3436192,75.98396996,58.80616176,91.84372315,Control,0.396711044,0,0.040835057,0
Input,188.7936071,6.423115954,1.721855714,119.6259669,109.0108221,82.58212151,125.7618802,187.3476216,71.88780162,58.57000064,97.70269329,Control,0.384912998,0,0.050957226,0
Input,182.8715617,-0.984256014,1.830074365,103.4337753,101.8696522,85.0994117,147.0176502,178.1614835,67.07214805,60.0071631,115.4988588,Control,0.374675054,0,0.059524894,0